epoch;accuracy;loss;val_accuracy;val_loss
0;0.6655699610710144;1.1947779655456543;0.7419461011886597;0.8777738809585571
