epoch;accuracy;loss;val_accuracy;val_loss
0;0.6561000347137451;1.277296543121338;0.737801730632782;0.8693127632141113
