epoch;accuracy;loss;val_accuracy;val_loss
0;0.6524997353553772;1.265933871269226;0.7520518898963928;0.8624616861343384
